,max,mean,median,min,rmse,sse,std
a-loam.tum,1.6488851213683537,1.0372421233511133,1.0781181997131641,0.6241652743191294,1.0937099665498955,10.76581341837516,0.3468865354502064
hdl\_gicp.tum,1.7652507315883224,1.2810605589969577,1.4679716911028968,0.5260188509555964,1.3566651938686305,16.56486403429148,0.4465694710087234
lego-loam.tum,3.130566791680942,2.2880765585247684,2.127649249146457,1.5169468043403567,2.3431362857795044,49.41258888362915,0.5049686287939317
loam.tum,1.5383322919005242,0.880210542454246,0.7851977361774323,0.535882219613671,0.9354011460652365,7.874777736541421,0.316551267589564
