,max,mean,median,min,rmse,sse,std
a-loam.tum,0.6729462889050393,0.44046744316759734,0.5309870422328054,0.17460920626406862,0.4863368495960152,1.892188250199817,0.20618429325333335
hdl\_gicp.tum,1.0578017415360281,0.6765944535725257,0.6378174213160588,0.34554339148683755,0.7203969119176263,4.151773685603619,0.2473694728444631
lego-loam.tum,1.9986739067759856,1.504313585765546,1.7673053159758119,0.553519607866777,1.5989009046327056,20.451872822682272,0.5417792341133879
loam.tum,0.8877449992039715,0.6633393275738898,0.6796652134349948,0.36600385445234174,0.692266177214089,3.833859680916868,0.19802372738747295
