,max,mean,median,min,rmse,sse,std
a-loam.tum,0.5043830684801414,0.24568401622350722,0.24568740078527468,0.026132119888504772,0.27092866351685413,76.558641365775,0.11420028409472636
hdl\_gicp.tum,0.45710249289540317,0.14763914698853314,0.1511919057947243,0.0040681530182708515,0.17117242021165674,31.790497223610853,0.08661801035358815
lego-loam.tum,3.8765930491753626,1.5938375614238207,1.562289165120202,0.05395230676379663,1.833213685905204,3511.9026770087003,0.9057340923166758
loam.tum,1.3992909561047677,0.6863297818521527,0.7175559973042419,0.15937601148582728,0.7612681980146646,594.0175010412071,0.32936408403356815
