,max,mean,median,min,rmse,sse,std
a-loam.tum,3.57787026238414,2.0225475968608135,1.9705062388090044,0.9386491438206601,2.1749408349374555,28.38220581287062,0.7997930069155289
hdl\_gicp.tum,3.867805053381616,2.021628614777507,1.997198197263776,0.8089077195107142,2.2288746932559627,29.80729438942117,0.9385628067154796
lego-loam.tum,3.4875522000204624,1.391020633199372,0.9193931189979677,0.6671008904661379,1.7068373992875205,17.479763445639524,0.9891185498312155
loam.tum,3.5431615887758636,1.868157900091532,1.843949801428905,0.7375827933442141,2.0548014090529403,25.333252983875692,0.8556838732683617
