,max,mean,median,min,rmse,sse,std
a-loam.tum,0.9338541679961517,0.6848429759896598,0.7998831259093151,0.21466703600620066,0.7353008351678187,4.325338545587934,0.2676890293533114
hdl\_gicp.tum,1.6467603245419742,0.8357443473814248,0.9248543460819432,0.254292431823668,0.9298637348184996,6.917172522644872,0.4076492992151532
lego-loam.tum,2.0264126581433173,1.1863114545041693,1.0660275147369065,0.8076421240423803,1.2447561523186534,12.395343029881111,0.37693900255524226
loam.tum,0.9776548013551072,0.6860134887807181,0.6750492708445018,0.5074237966643975,0.7029316256103714,3.9529029622659144,0.15329175938107953
