,max,mean,median,min,rmse,sse,std
a-loam.tum,0.746982249372271,0.4295138842197147,0.3668567497353467,0.1637031949650212,0.4855712320170484,2.3577942136255423,0.22648895033764394
hdl\_gicp.tum,1.349657112282907,0.8099260378942708,0.7282659756044298,0.3659983896590248,0.8709991095738359,7.5863944887841495,0.3204048408175243
lego-loam.tum,2.281892470358857,1.3074512006080177,1.143034340394792,0.7835135776493547,1.3919969913640553,15.501244991732657,0.4777310770666222
loam.tum,1.4358360850457264,0.9509951812336058,1.134241698845446,0.19519318203562577,1.0429601105980768,9.789892130688772,0.4282218555482822
